INSERT INTO `db1`.`groups_` (`id`, `group_name`, `teacher_id`) VALUES ('1', '11-901', '1');
INSERT INTO `db1`.`groups_` (`id`, `group_name`, `teacher_id`) VALUES ('2', '11-902', '2');
INSERT INTO `db1`.`groups_` (`id`, `group_name`, `teacher_id`) VALUES ('3', '11-903', '3');
INSERT INTO `db1`.`groups_` (`id`, `group_name`, `teacher_id`) VALUES ('4', '11-904', '1');
INSERT INTO `db1`.`groups_` (`id`, `group_name`, `teacher_id`) VALUES ('5', '11-905', '1');
INSERT INTO `db1`.`groups_` (`id`, `group_name`, `teacher_id`) VALUES ('6', '11-906', '2');
INSERT INTO `db1`.`groups_` (`id`, `group_name`, `teacher_id`) VALUES ('7', '11-907', '3');
INSERT INTO `db1`.`marks` (`student_id`, `mark`) VALUES ('1', '5');
INSERT INTO `db1`.`marks` (`student_id`, `mark`) VALUES ('2', '3');
INSERT INTO `db1`.`marks` (`student_id`, `mark`) VALUES ('2', '3');
INSERT INTO `db1`.`marks` (`student_id`, `mark`) VALUES ('1', '3');
INSERT INTO `db1`.`marks` (`student_id`, `mark`) VALUES ('3', '4');
INSERT INTO `db1`.`marks` (`student_id`, `mark`) VALUES ('3', '2');
INSERT INTO `db1`.`students` (`id`, `user_id`, `group_id`) VALUES ('1', '1', '1');
INSERT INTO `db1`.`students` (`id`, `user_id`, `group_id`) VALUES ('2', '2', '3');
INSERT INTO `db1`.`students` (`id`, `user_id`, `group_id`) VALUES ('3', '3', '6');
INSERT INTO `db1`.`teachers` (`id`, `user_id`) VALUES ('1', '4');
INSERT INTO `db1`.`teachers` (`id`, `user_id`) VALUES ('2', '5');
INSERT INTO `db1`.`teachers` (`id`, `user_id`) VALUES ('3', '6');
INSERT INTO `db1`.`user` (`username`, `email`, `password`, `create_time`) VALUES ('Kate', 'njekkv', 'ewmdkl', '2020-01-01 10:10:10');
INSERT INTO `db1`.`user` (`username`, `email`, `password`, `create_time`) VALUES ('Michael', 'wqefrg', 'qwefr', '2020-01-02 10:10:10');
INSERT INTO `db1`.`user` (`username`, `email`, `password`, `create_time`) VALUES ('Alia', 'efwrt', 'dewfgtrhygr', '2020-01-03 10:10:10');
INSERT INTO `db1`.`user` (`username`, `email`, `password`, `create_time`) VALUES ('Bill', 'brgfds', 'gerf', '2020-01-04 10:10:10');
INSERT INTO `db1`.`user` (`username`, `email`, `password`, `create_time`) VALUES ('Bob', 'gtrefdw', 'gerfwd', '2020-01-05 10:10:10');
INSERT INTO `db1`.`user` (`username`, `email`, `password`, `create_time`) VALUES ('Penelope', 'wefrgt', 'fgtrfd', '2020-01-01 10:15:10');