-- MySQL dump 10.13  Distrib 5.7.20, for Linux (x86_64)
--
-- Host: localhost    Database: school
-- ------------------------------------------------------
-- Server version	5.7.24

/*!40101 SET @OLD_CHARACTER_SET_CLIENT=@@CHARACTER_SET_CLIENT */;
/*!40101 SET @OLD_CHARACTER_SET_RESULTS=@@CHARACTER_SET_RESULTS */;
/*!40101 SET @OLD_COLLATION_CONNECTION=@@COLLATION_CONNECTION */;
/*!40101 SET NAMES utf8 */;
/*!40103 SET @OLD_TIME_ZONE=@@TIME_ZONE */;
/*!40103 SET TIME_ZONE='+00:00' */;
/*!40014 SET @OLD_UNIQUE_CHECKS=@@UNIQUE_CHECKS, UNIQUE_CHECKS=0 */;
/*!40014 SET @OLD_FOREIGN_KEY_CHECKS=@@FOREIGN_KEY_CHECKS, FOREIGN_KEY_CHECKS=0 */;
/*!40101 SET @OLD_SQL_MODE=@@SQL_MODE, SQL_MODE='NO_AUTO_VALUE_ON_ZERO' */;
/*!40111 SET @OLD_SQL_NOTES=@@SQL_NOTES, SQL_NOTES=0 */;

--
-- Table structure for table `group`
--

DROP TABLE IF EXISTS `group`;
/*!40101 SET @saved_cs_client     = @@character_set_client */;
/*!40101 SET character_set_client = utf8 */;
CREATE TABLE `group` (
  `id` int(11) NOT NULL,
  `year` tinyint(1) NOT NULL,
  `name` int(11) NOT NULL,
  PRIMARY KEY (`id`)
) ENGINE=InnoDB DEFAULT CHARSET=utf8;
/*!40101 SET character_set_client = @saved_cs_client */;

--
-- Dumping data for table `group`
--

LOCK TABLES `group` WRITE;
/*!40000 ALTER TABLE `group` DISABLE KEYS */;
INSERT INTO `group` VALUES (1,4,11705),(2,3,11707),(3,4,11703),(4,3,11709),(5,1,11701),(6,4,11706),(7,4,11704),(8,1,11708),(9,4,11702);
/*!40000 ALTER TABLE `group` ENABLE KEYS */;
UNLOCK TABLES;

--
-- Table structure for table `student`
--

DROP TABLE IF EXISTS `student`;
/*!40101 SET @saved_cs_client     = @@character_set_client */;
/*!40101 SET character_set_client = utf8 */;
CREATE TABLE `student` (
  `id` int(11) NOT NULL,
  `name` varchar(45) NOT NULL,
  `surname` varchar(45) NOT NULL,
  `lastname` varchar(45) NOT NULL,
  `group_id` int(11) NOT NULL,
  PRIMARY KEY (`id`),
  KEY `fk_student_group` (`group_id`),
  CONSTRAINT `fk_student_group` FOREIGN KEY (`group_id`) REFERENCES `group` (`id`) ON DELETE NO ACTION ON UPDATE NO ACTION
) ENGINE=InnoDB DEFAULT CHARSET=utf8;
/*!40101 SET character_set_client = @saved_cs_client */;

--
-- Dumping data for table `student`
--

LOCK TABLES `student` WRITE;
/*!40000 ALTER TABLE `student` DISABLE KEYS */;
INSERT INTO `student` VALUES (1,'Sister','Watsica','Hickle',9),(2,'Elbert','Davis','Okuneva',5),(3,'Jarod','Murphy','Prosacco',5),(4,'Blake','Donnelly','Tillman',3),(5,'Aimee','Turcotte','McCullough',2),(6,'Angelica','Glover','Nienow',4),(7,'Buck','Medhurst','Hammes',2),(8,'Sofia','Durgan','Wilkinson',5),(9,'Avis','Labadie','Bayer',7),(10,'Sarah','Ferry','Medhurst',2),(11,'Lorna','Beier','Graham',3),(12,'Margaretta','Medhurst','Nienow',6),(13,'Holden','Rutherford','Lang',5),(14,'Zetta','Klein','Senger',6),(15,'Carolanne','Rowe','Hoppe',3),(16,'Aniyah','Mohr','Mills',5),(17,'Hortense','Murphy','Haag',3),(18,'Graciela','Feest','Roberts',5),(19,'Pietro','Sipes','Ritchie',8),(20,'Darrell','Tillman','Jacobi',5),(21,'Jasper','Shields','Price',8),(22,'Meggie','Larson','Tromp',4),(23,'Nathanial','Eichmann','Schumm',7),(24,'Mia','Hackett','Grant',2),(25,'Lottie','Lubowitz','Veum',7),(26,'Sadie','Leannon','Schneider',9),(27,'Cullen','Oberbrunner','Greenholt',9),(28,'Ivory','Weimann','Miller',4),(29,'Jess','Will','Witting',1),(30,'Jaclyn','Hayes','Moen',1),(31,'Magdalen','Flatley','Heller',6),(32,'Evelyn','Mraz','Abshire',3),(33,'Christop','Bogisich','Kling',7),(34,'Katlynn','Schumm','VonRueden',9),(35,'Kathryne','Cruickshank','Champlin',4),(36,'Karelle','Hettinger','Leuschke',1),(37,'Waldo','Kerluke','Gibson',1),(38,'Joesph','Reynolds','Aufderhar',6),(39,'Lauretta','Schultz','Klocko',8),(40,'Sophie','Cormier','Kuphal',9),(41,'Era','Koch','Mueller',4),(42,'Adelia','Hayes','Walker',9),(43,'Dorthy','Beahan','Larkin',6),(44,'Aurore','Cummings','Haley',2),(45,'Heath','Dietrich','Monahan',2),(46,'Jalen','Feil','Steuber',8),(47,'Reba','Conn','Lockman',2),(48,'Daisy','Schulist','Bergnaum',9),(49,'Minnie','Bergstrom','Hickle',4),(50,'Karina','Metz','Strosin',5),(51,'Chance','Koelpin','Abernathy',1),(52,'Amira','Block','Cummings',4),(53,'Bernadine','Grant','Langosh',7),(54,'Madge','Conn','Conn',8),(55,'Obie','Hintz','Wisoky',2),(56,'Casimir','Pfannerstill','Feeney',6),(57,'Kayli','Weimann','Bode',5),(58,'Trevor','Stark','Klein',4),(59,'Cameron','Kirlin','Koss',3),(60,'Marguerite','Tremblay','Lehner',5),(61,'Vaughn','Ziemann','Olson',3),(62,'Palma','Cassin','Dibbert',4),(63,'Anissa','Maggio','Ziemann',7),(64,'Derek','Ritchie','Krajcik',6),(65,'Orville','Breitenberg','Ryan',8),(66,'Destany','Roberts','Trantow',4),(67,'Brandyn','Smith','Hickle',4),(68,'Trisha','Daugherty','Wilderman',7),(69,'Sam','Haag','Klein',4),(70,'Fabian','Casper','Waters',1),(71,'Deion','Beer','Maggio',1),(72,'Libbie','Rempel','Hansen',1),(73,'Raheem','Gerhold','Langworth',3),(74,'Magali','Gislason','Wunsch',9),(75,'Geo','Harris','Padberg',5),(76,'Whitney','Yost','Konopelski',5),(77,'Ashlee','Bartoletti','Durgan',7),(78,'Zane','Sawayn','Bednar',2),(79,'Ariel','Rowe','Glover',4),(80,'Lionel','Pagac','Sporer',9),(81,'Elva','Herzog','Schumm',1),(82,'Rylan','Nader','Carroll',7),(83,'Kaley','Greenholt','Schultz',3),(84,'Jermaine','Raynor','Rempel',2),(85,'Nyah','Hamill','Hane',5),(86,'Lue','Kulas','Runte',3),(87,'Rosina','Schinner','Bradtke',8),(88,'Esteban','Will','Greenholt',9),(89,'Marguerite','Ernser','Sipes',8),(90,'Miles','Kreiger','Lockman',4),(91,'Carolyne','Feil','Schneider',4),(92,'Cecile','Gottlieb','Schinner',2),(93,'Murphy','Moen','Reinger',5),(94,'Hollis','Marvin','Ondricka',1),(95,'Sabryna','O\'Conner','Schaefer',3),(96,'Jerald','Walker','Cormier',6),(97,'Travis','Schneider','Koch',6),(98,'Kaelyn','Cronin','Walter',1),(99,'Jolie','Cassin','Murphy',2),(100,'Ella','Macejkovic','Tremblay',5),(101,'Sadye','Morar','Morissette',2),(102,'Jesus','Anderson','Kirlin',8),(103,'Carmelo','Stracke','Smith',1),(104,'Tressa','Bashirian','Hartmann',2),(105,'Marjolaine','Koepp','Turcotte',8),(106,'Lue','Gislason','Cronin',1),(107,'Kristy','Oberbrunner','Gutmann',5),(108,'Wyatt','Mraz','Zulauf',9),(109,'Lowell','Corkery','Rowe',1),(110,'Shaina','Kuhn','Sporer',7),(111,'Watson','Kessler','Fadel',4),(112,'Assunta','Quigley','Flatley',6),(113,'Arlene','Sauer','Hessel',6),(114,'Adolfo','Lockman','Fay',8),(115,'Eleanore','Rowe','Keeling',9),(116,'Ova','Hansen','Brekke',8),(117,'Dorothy','Thompson','Kertzmann',9),(118,'Rafael','Schiller','McDermott',6),(119,'Mertie','Jones','Nicolas',3),(120,'Sim','Block','Conroy',1),(121,'Joseph','Hessel','Greenfelder',6),(122,'Leland','Koch','Rath',7),(123,'Frank','Carter','Beahan',4),(124,'August','Kertzmann','Crona',2),(125,'Dandre','Schinner','Sipes',1),(126,'Jayce','Koch','Schmidt',8),(127,'Timmy','Bernier','Pagac',7),(128,'Imogene','Kihn','Lind',1),(129,'Maida','Hagenes','Hermann',1),(130,'Arnaldo','Barton','Fritsch',3),(131,'Lourdes','Murazik','Romaguera',6),(132,'Gaetano','Bernier','Mertz',3),(133,'Alize','Cartwright','Brekke',2),(134,'Elbert','Altenwerth','Cronin',9),(135,'Keyshawn','DuBuque','Kunze',9),(136,'Carey','Nitzsche','Feeney',8),(137,'Milan','Sipes','Waters',2),(138,'Wanda','O\'Connell','Koss',3),(139,'Emilio','Beahan','Koepp',4),(140,'Aric','Champlin','Towne',7),(141,'Amanda','Ernser','Johnson',9),(142,'Makayla','Brown','Denesik',4),(143,'Keira','Wolf','Harvey',7),(144,'Ellsworth','Stroman','Cassin',4),(145,'Astrid','Eichmann','Daniel',6),(146,'Eldridge','Gibson','Bednar',4),(147,'Raphael','Moore','Abernathy',2),(148,'Marshall','Thompson','Roob',9),(149,'Connie','Macejkovic','Rath',3),(150,'Amalia','Jenkins','Pfeffer',1),(151,'Vivien','Gulgowski','Wuckert',1),(152,'Pete','Rowe','Shanahan',7),(153,'Jodie','Macejkovic','Romaguera',1),(154,'Kareem','Considine','Hoppe',6),(155,'Lamar','Kohler','Jakubowski',3),(156,'Maximillian','Osinski','Hackett',7),(157,'Reta','Stiedemann','Schroeder',1),(158,'Loraine','Hoeger','Weimann',5),(159,'Annabelle','Pacocha','Ryan',9),(160,'Rahsaan','Hegmann','Grimes',9),(161,'Myrtice','Turner','Schuster',7),(162,'Rollin','Huel','Jaskolski',2),(163,'Makenzie','Okuneva','Heaney',1),(164,'Maida','Volkman','Moore',2),(165,'Ashtyn','Conroy','Schimmel',3),(166,'Nona','Corwin','Sauer',2),(167,'Kayli','Reilly','Waelchi',7),(168,'Marlee','Rogahn','Hickle',7),(169,'Sienna','Konopelski','Upton',7),(170,'Romaine','Haley','Fay',8),(171,'Archibald','Steuber','Hegmann',3),(172,'Delaney','Adams','Muller',3),(173,'Rylee','Smith','McKenzie',9),(174,'Hailey','Trantow','Batz',9),(175,'Kolby','Rath','Rempel',7),(176,'Buck','Homenick','Langworth',9),(177,'Kirsten','Schoen','Krajcik',4),(178,'Taryn','Wisoky','Sporer',7),(179,'Hilario','Schultz','Beahan',6),(180,'Greta','Bauch','Daugherty',5),(181,'Vernie','Marquardt','Wiza',5),(182,'Tate','Mante','Swaniawski',8),(183,'Ashlynn','Trantow','Parisian',6),(184,'Kathlyn','Beier','Goldner',8),(185,'Bernie','Hintz','Cassin',6),(186,'Abby','Jacobi','Bartell',8),(187,'Mariane','Harvey','Friesen',5),(188,'Douglas','Hand','Stiedemann',6),(189,'Jo','Oberbrunner','Kuhic',5),(190,'Liana','Kub','Beier',6),(191,'Aniyah','Weimann','Murray',8),(192,'Tyra','Braun','Predovic',3),(193,'Alex','Lebsack','Glover',2),(194,'Javon','Bradtke','Abbott',3),(195,'Aric','Bins','Macejkovic',6),(196,'Reta','Sanford','Altenwerth',8),(197,'Leila','Simonis','McCullough',2),(198,'Frankie','McKenzie','Wolff',5),(199,'Levi','Breitenberg','Rempel',8),(200,'Marcos','Hills','Towne',8);
/*!40000 ALTER TABLE `student` ENABLE KEYS */;
UNLOCK TABLES;

--
-- Table structure for table `students_grade`
--

DROP TABLE IF EXISTS `students_grade`;
/*!40101 SET @saved_cs_client     = @@character_set_client */;
/*!40101 SET character_set_client = utf8 */;
CREATE TABLE `students_grade` (
  `id` int(11) NOT NULL,
  `student_id` int(11) NOT NULL,
  `subject_id` int(11) NOT NULL,
  `grade_date` date NOT NULL,
  `grade` tinyint(3) NOT NULL,
  PRIMARY KEY (`id`),
  KEY `fk_students_grade_student1` (`student_id`),
  KEY `fk_students_grade_subject1` (`subject_id`),
  CONSTRAINT `fk_students_grade_student1` FOREIGN KEY (`student_id`) REFERENCES `student` (`id`) ON DELETE NO ACTION ON UPDATE NO ACTION,
  CONSTRAINT `fk_students_grade_subject1` FOREIGN KEY (`subject_id`) REFERENCES `subject` (`id`) ON DELETE NO ACTION ON UPDATE NO ACTION
) ENGINE=InnoDB DEFAULT CHARSET=utf8;
/*!40101 SET character_set_client = @saved_cs_client */;

--
-- Dumping data for table `students_grade`
--

LOCK TABLES `students_grade` WRITE;
/*!40000 ALTER TABLE `students_grade` DISABLE KEYS */;
INSERT INTO `students_grade` VALUES (1,106,2,'2016-02-15',2),(2,155,1,'2016-11-28',5),(3,26,2,'2016-03-07',5),(4,98,2,'2016-03-21',4),(5,193,1,'2016-12-17',4),(6,191,1,'2017-09-04',4),(7,122,2,'2016-07-05',2),(8,75,5,'2017-06-16',3),(9,74,2,'2018-06-06',3),(10,121,1,'2017-08-17',4),(11,136,6,'2017-06-25',3),(12,191,5,'2016-01-08',4),(13,42,4,'2016-01-21',5),(14,10,6,'2017-06-03',2),(15,156,4,'2015-12-14',3),(16,75,3,'2016-10-13',3),(17,75,1,'2018-03-14',2),(18,45,3,'2017-04-15',3),(19,118,6,'2016-01-10',2),(20,43,5,'2016-07-20',4),(21,63,3,'2015-11-11',4),(22,83,5,'2017-05-07',3),(23,110,4,'2016-01-31',3),(24,148,6,'2016-02-02',4),(25,124,2,'2016-05-06',3),(26,27,5,'2016-03-26',2),(27,64,4,'2016-06-11',3),(28,28,4,'2017-11-16',4),(29,183,3,'2016-11-12',3),(30,92,6,'2018-10-19',2),(31,158,2,'2016-12-29',3),(32,172,4,'2017-06-29',4),(33,21,5,'2018-06-12',4),(34,26,4,'2017-08-15',4),(35,128,2,'2017-05-30',5),(36,173,1,'2016-10-06',2),(37,2,4,'2016-06-25',4),(38,54,6,'2017-02-26',3),(39,12,2,'2016-07-01',2),(40,162,6,'2015-11-14',3),(41,165,5,'2018-10-01',4),(42,73,1,'2017-09-07',4),(43,145,1,'2017-03-14',4),(44,136,4,'2017-11-09',4),(45,155,5,'2016-02-01',4),(46,38,4,'2017-09-21',4),(47,35,1,'2018-03-15',3),(48,34,4,'2017-12-20',3),(49,191,3,'2016-06-02',5),(50,53,1,'2018-05-21',2),(51,167,3,'2017-09-03',4),(52,174,6,'2017-01-09',2),(53,166,6,'2018-08-07',2),(54,22,6,'2017-05-23',2),(55,71,1,'2017-11-02',5),(56,188,4,'2016-08-19',5),(57,17,5,'2017-04-03',5),(58,197,5,'2016-08-11',2),(59,31,1,'2017-12-16',2),(60,133,3,'2017-07-01',4),(61,95,3,'2016-04-19',3),(62,12,6,'2016-10-13',4),(63,55,1,'2017-10-18',5),(64,184,2,'2016-07-05',3),(65,118,4,'2016-05-01',4),(66,58,6,'2016-11-13',4),(67,129,1,'2015-12-10',3),(68,49,1,'2018-04-30',3),(69,108,6,'2016-10-30',3),(70,127,5,'2016-09-18',3),(71,76,6,'2016-10-05',5),(72,178,4,'2016-09-11',4),(73,132,2,'2016-07-15',2),(74,186,2,'2018-04-13',3),(75,156,6,'2017-12-20',3),(76,126,2,'2017-06-27',4),(77,183,1,'2017-10-21',3),(78,29,1,'2016-10-12',4),(79,102,6,'2016-09-28',4),(80,132,6,'2016-11-04',2),(81,68,4,'2016-02-05',5),(82,109,5,'2018-04-03',4),(83,141,3,'2017-08-27',2),(84,7,3,'2018-10-23',5),(85,164,2,'2017-08-29',4),(86,2,4,'2017-04-02',2),(87,167,1,'2017-03-09',3),(88,14,4,'2018-07-16',3),(89,119,1,'2017-11-12',5),(90,181,3,'2018-03-11',3),(91,174,4,'2018-03-22',2),(92,14,2,'2016-09-25',3),(93,113,5,'2018-05-10',2),(94,29,3,'2016-05-06',3),(95,3,3,'2016-07-03',4),(96,181,5,'2017-04-25',2),(97,19,1,'2016-01-18',4),(98,54,2,'2017-07-13',2),(99,76,4,'2017-12-28',3),(100,46,4,'2016-05-14',4),(101,93,5,'2016-10-21',2),(102,8,4,'2017-07-11',5),(103,80,6,'2017-10-21',4),(104,89,5,'2016-09-08',5),(105,22,6,'2018-03-14',3),(106,91,5,'2018-02-26',2),(107,64,4,'2017-09-20',5),(108,89,5,'2017-07-03',2),(109,160,4,'2015-12-05',2),(110,17,5,'2018-05-02',2),(111,5,1,'2018-02-27',4),(112,109,3,'2018-03-22',5),(113,108,6,'2016-06-07',4),(114,60,2,'2015-11-17',5),(115,40,4,'2018-06-21',5),(116,112,4,'2018-01-02',2),(117,149,1,'2017-08-23',4),(118,74,2,'2017-09-14',3),(119,150,6,'2017-05-18',3),(120,19,5,'2017-04-17',4),(121,59,1,'2018-03-28',5),(122,177,5,'2016-04-06',2),(123,172,6,'2017-10-06',2),(124,142,6,'2017-03-07',5),(125,156,2,'2015-12-12',3),(126,51,3,'2017-01-10',5),(127,2,6,'2016-01-24',5),(128,91,1,'2017-02-02',2),(129,184,6,'2015-11-10',4),(130,59,5,'2016-12-23',5),(131,176,2,'2015-11-20',3),(132,17,1,'2016-11-18',2),(133,18,2,'2018-02-11',3),(134,182,6,'2017-04-11',5),(135,134,4,'2018-02-16',4),(136,101,5,'2018-10-29',2),(137,107,3,'2018-07-10',4),(138,47,5,'2015-12-10',3),(139,172,4,'2017-02-05',5),(140,174,6,'2018-09-24',2),(141,145,3,'2017-03-17',3),(142,165,3,'2016-12-28',2),(143,23,3,'2018-08-13',5),(144,76,6,'2018-06-14',4),(145,134,2,'2018-04-02',2),(146,100,6,'2016-01-28',5),(147,171,5,'2016-07-13',2),(148,48,2,'2016-04-27',2),(149,102,6,'2016-12-20',3),(150,88,6,'2015-12-25',4),(151,87,3,'2017-08-19',5),(152,119,5,'2016-07-14',5),(153,169,3,'2016-12-13',5),(154,166,6,'2018-02-09',5),(155,136,4,'2017-04-14',5),(156,173,1,'2016-10-04',3),(157,103,3,'2016-03-20',5),(158,167,5,'2017-05-02',3),(159,34,4,'2016-04-26',3),(160,187,3,'2018-08-23',5),(161,86,4,'2016-08-31',5),(162,1,1,'2016-08-23',3),(163,171,5,'2016-06-16',3),(164,153,5,'2016-06-24',3),(165,53,5,'2016-05-11',3),(166,86,2,'2016-09-29',5),(167,64,2,'2016-04-22',3),(168,148,2,'2017-09-18',5),(169,166,4,'2017-07-24',2),(170,34,6,'2018-07-06',3),(171,175,1,'2018-04-20',5),(172,11,1,'2018-09-04',3),(173,56,6,'2017-11-02',2),(174,164,2,'2016-09-03',3),(175,167,1,'2018-08-22',2),(176,39,1,'2017-12-08',5),(177,71,3,'2016-05-22',2),(178,42,6,'2017-01-02',4),(179,195,1,'2018-03-30',2),(180,9,3,'2017-05-18',5),(181,6,2,'2016-08-15',3),(182,81,5,'2018-05-02',4),(183,70,4,'2018-09-15',5),(184,97,5,'2017-09-09',3),(185,24,2,'2018-01-25',3),(186,95,5,'2017-09-25',5),(187,138,2,'2018-02-26',4),(188,173,3,'2017-10-06',4),(189,190,6,'2017-07-27',4),(190,189,1,'2017-04-12',3),(191,72,6,'2018-01-10',2),(192,185,5,'2017-08-30',4),(193,1,3,'2018-08-30',2),(194,30,2,'2018-07-27',2),(195,80,2,'2016-05-09',4),(196,116,4,'2017-04-29',3),(197,138,2,'2016-11-21',4),(198,49,5,'2016-09-22',2),(199,190,4,'2017-12-09',5),(200,123,1,'2018-10-31',5),(201,118,2,'2015-11-22',3),(202,101,3,'2017-11-27',5),(203,139,5,'2017-07-01',5),(204,169,3,'2018-09-30',2),(205,104,6,'2018-07-09',4),(206,118,6,'2017-12-09',2),(207,142,2,'2017-09-21',5),(208,117,3,'2017-08-25',2),(209,198,2,'2017-06-08',5),(210,41,5,'2017-05-06',5),(211,101,1,'2017-11-20',3),(212,25,1,'2016-06-16',2),(213,146,6,'2017-08-24',3),(214,13,3,'2015-11-14',4),(215,123,5,'2018-07-17',3),(216,96,2,'2016-12-06',4),(217,140,4,'2017-03-28',4),(218,140,2,'2018-01-08',2),(219,191,1,'2016-05-25',4),(220,154,6,'2017-11-09',2),(221,26,4,'2018-01-30',4),(222,100,2,'2017-08-27',3),(223,152,6,'2016-12-10',2),(224,164,4,'2016-09-13',2),(225,123,3,'2015-12-31',5),(226,146,4,'2016-04-08',4),(227,64,6,'2016-04-18',5),(228,47,5,'2017-07-25',2),(229,79,5,'2017-04-10',2),(230,121,5,'2016-06-25',4),(231,172,6,'2018-02-24',3),(232,99,1,'2017-12-12',5),(233,131,5,'2018-09-19',3),(234,94,4,'2015-12-08',2),(235,114,4,'2018-09-13',5),(236,143,3,'2017-04-19',5),(237,157,3,'2016-05-11',5),(238,97,3,'2017-07-09',5),(239,115,5,'2016-09-19',3),(240,157,5,'2018-08-05',4),(241,197,1,'2016-09-15',4),(242,181,3,'2016-02-23',5),(243,159,5,'2016-07-28',2),(244,119,5,'2018-03-04',5),(245,113,1,'2016-05-27',2),(246,142,4,'2017-06-01',4),(247,39,3,'2018-04-12',5),(248,32,2,'2017-05-01',5),(249,139,1,'2018-01-04',5),(250,94,6,'2016-09-27',5),(251,142,4,'2018-08-02',4),(252,20,4,'2018-09-05',5),(253,79,3,'2015-12-01',2),(254,5,3,'2018-07-23',3),(255,146,2,'2018-09-06',3),(256,59,5,'2018-06-01',4),(257,15,3,'2016-05-21',5),(258,182,4,'2016-08-22',4),(259,162,2,'2017-07-05',5),(260,73,3,'2016-12-03',2),(261,41,3,'2015-12-24',2),(262,183,3,'2017-05-17',2),(263,195,3,'2017-03-15',2),(264,138,6,'2018-09-25',5),(265,173,5,'2018-09-20',2),(266,62,2,'2018-10-16',5),(267,105,3,'2016-10-08',5),(268,99,5,'2018-01-11',4),(269,113,3,'2018-06-26',4),(270,107,1,'2017-11-19',4),(271,168,6,'2017-03-04',3),(272,14,6,'2018-09-15',5),(273,87,5,'2018-01-30',2),(274,37,3,'2017-10-04',4),(275,144,2,'2016-11-18',3),(276,47,3,'2017-03-16',3),(277,54,2,'2018-05-29',2),(278,87,5,'2017-10-16',4),(279,131,1,'2018-05-07',5),(280,78,6,'2016-03-19',4),(281,196,6,'2016-10-23',2),(282,113,1,'2016-07-19',2),(283,83,3,'2017-08-01',4),(284,25,5,'2017-06-14',3),(285,54,4,'2017-11-02',4),(286,41,1,'2016-12-05',4),(287,67,3,'2017-02-24',2),(288,66,4,'2015-11-19',4),(289,164,6,'2015-12-25',5),(290,90,2,'2017-10-08',3),(291,108,2,'2017-07-14',2),(292,10,6,'2018-08-04',4),(293,135,5,'2017-07-28',2),(294,169,1,'2017-12-17',2),(295,19,3,'2017-08-08',3),(296,122,2,'2016-06-10',3),(297,178,6,'2017-10-30',3),(298,200,4,'2016-05-02',3),(299,132,2,'2018-04-05',5),(300,186,2,'2016-05-07',5),(301,153,3,'2016-06-19',5),(302,81,3,'2017-03-05',3),(303,114,6,'2016-11-22',4),(304,120,4,'2016-09-01',2),(305,92,4,'2018-05-02',2),(306,180,2,'2016-09-03',3),(307,56,4,'2018-02-18',5),(308,163,1,'2016-06-27',4),(309,189,3,'2017-07-18',4),(310,194,4,'2018-05-22',4),(311,106,4,'2016-04-02',3),(312,31,1,'2018-08-26',2),(313,91,3,'2016-12-04',2),(314,199,1,'2017-12-17',5),(315,69,3,'2016-06-19',5),(316,137,3,'2018-02-23',5),(317,97,3,'2017-03-30',5),(318,141,3,'2018-06-16',4),(319,117,5,'2016-05-13',4),(320,135,3,'2018-02-27',3),(321,163,5,'2015-11-16',3),(322,170,4,'2016-05-03',3),(323,84,2,'2017-12-10',3),(324,62,4,'2017-12-22',5),(325,9,5,'2017-11-17',5),(326,36,4,'2018-04-23',5),(327,50,2,'2018-03-18',5),(328,195,5,'2017-02-17',4),(329,77,1,'2018-04-15',4),(330,182,2,'2016-11-20',5),(331,110,2,'2018-03-19',4),(332,85,5,'2016-12-16',5),(333,3,1,'2017-11-20',2),(334,24,6,'2016-06-19',2),(335,151,5,'2016-07-11',4),(336,186,4,'2017-01-06',4),(337,152,4,'2017-07-28',3),(338,93,5,'2015-11-04',5),(339,186,6,'2018-06-30',3),(340,158,4,'2016-07-17',3),(341,178,2,'2018-09-24',5),(342,31,3,'2018-07-10',3),(343,193,1,'2018-02-21',3),(344,149,3,'2016-02-05',4),(345,67,5,'2016-03-02',4),(346,4,4,'2018-05-20',5),(347,43,1,'2016-03-18',3),(348,72,6,'2017-04-17',4),(349,85,1,'2016-06-23',3),(350,180,6,'2016-07-28',4),(351,69,1,'2016-03-18',2),(352,81,1,'2017-11-20',2),(353,53,1,'2017-12-18',2),(354,141,5,'2016-03-27',5),(355,96,4,'2017-02-22',4),(356,13,1,'2018-01-26',4),(357,65,1,'2016-09-19',2),(358,133,1,'2016-01-22',4),(359,5,1,'2017-09-02',3),(360,131,3,'2015-12-21',2),(361,103,3,'2017-02-27',4),(362,171,1,'2017-07-03',5),(363,98,6,'2018-02-03',4),(364,168,2,'2016-08-29',3),(365,125,3,'2017-09-02',2),(366,101,1,'2018-05-27',2),(367,61,5,'2016-05-08',3),(368,106,4,'2018-03-26',5),(369,129,3,'2018-01-13',3),(370,100,4,'2018-08-30',4),(371,169,1,'2016-04-03',4),(372,165,3,'2017-06-15',5),(373,40,6,'2016-05-08',2),(374,61,3,'2016-04-21',4),(375,56,2,'2017-07-14',3),(376,164,4,'2016-06-17',2),(377,154,2,'2016-05-09',4),(378,46,2,'2018-10-09',2),(379,33,3,'2016-08-30',2),(380,184,6,'2017-07-30',3),(381,27,5,'2018-09-13',3),(382,150,2,'2018-08-09',2),(383,110,4,'2017-12-31',5),(384,2,2,'2018-06-06',3),(385,170,4,'2016-07-23',5),(386,92,2,'2016-03-29',5),(387,105,3,'2017-01-02',4),(388,13,3,'2016-07-03',2),(389,197,5,'2015-11-09',3),(390,175,3,'2015-11-27',3),(391,147,3,'2016-07-19',5),(392,200,4,'2017-01-14',5),(393,73,5,'2017-10-16',2),(394,64,6,'2018-02-19',5),(395,129,5,'2017-06-19',4),(396,149,5,'2016-07-18',4),(397,30,2,'2017-10-13',5),(398,48,2,'2016-12-05',4),(399,105,5,'2016-07-22',5),(400,48,6,'2018-09-03',5),(401,55,5,'2015-11-24',3),(402,90,6,'2018-07-18',4),(403,198,4,'2016-11-08',3),(404,40,4,'2017-03-09',3),(405,68,2,'2018-10-02',4),(406,23,5,'2016-10-20',3),(407,92,2,'2018-04-20',4),(408,58,2,'2018-10-31',5),(409,192,2,'2018-05-13',3),(410,153,5,'2018-09-20',5),(411,155,1,'2015-12-03',2),(412,128,6,'2016-06-21',5),(413,7,5,'2016-08-27',4),(414,4,4,'2017-07-20',3),(415,100,6,'2016-08-30',2),(416,30,4,'2016-01-08',4),(417,33,5,'2017-01-17',4),(418,198,6,'2017-10-18',2),(419,4,2,'2016-04-29',4),(420,20,4,'2017-03-30',4),(421,176,6,'2018-08-19',4),(422,185,5,'2016-10-27',4),(423,104,4,'2015-12-03',4),(424,160,4,'2016-05-20',5),(425,68,2,'2018-04-12',5),(426,107,5,'2018-06-22',2),(427,154,4,'2017-01-21',3),(428,91,3,'2016-01-31',5),(429,39,5,'2016-09-27',5),(430,8,6,'2018-04-05',3),(431,122,4,'2017-03-25',5),(432,105,1,'2017-03-12',2),(433,111,5,'2017-08-01',4),(434,16,4,'2017-04-15',2),(435,131,1,'2016-03-15',5),(436,77,5,'2016-10-13',4),(437,26,2,'2015-12-27',2),(438,111,5,'2016-04-08',4),(439,50,4,'2018-07-26',2),(440,134,6,'2016-10-27',5),(441,13,1,'2018-05-16',2),(442,119,3,'2018-08-29',3),(443,60,2,'2015-12-16',3),(444,143,5,'2016-05-27',4),(445,44,2,'2018-07-23',3),(446,125,1,'2016-07-23',4),(447,106,6,'2016-11-11',2),(448,11,5,'2016-02-22',5),(449,186,6,'2016-08-17',2),(450,63,1,'2016-03-26',3),(451,120,6,'2017-07-20',5),(452,91,1,'2018-01-14',3),(453,104,2,'2016-04-28',5),(454,29,1,'2017-09-02',3),(455,122,4,'2016-09-09',4),(456,124,6,'2016-09-28',2),(457,109,3,'2017-08-03',2),(458,99,3,'2016-05-10',2),(459,135,5,'2016-03-03',2),(460,125,5,'2017-06-13',2),(461,161,5,'2017-04-19',5),(462,188,4,'2016-10-22',4),(463,42,6,'2017-10-13',4),(464,192,4,'2017-08-09',4),(465,99,3,'2016-09-01',3),(466,30,6,'2017-06-18',4),(467,88,4,'2017-04-27',3),(468,150,4,'2016-02-06',2),(469,196,4,'2018-07-24',5),(470,11,3,'2018-04-14',2),(471,12,4,'2018-09-13',2),(472,52,6,'2017-06-10',4),(473,53,5,'2017-08-14',3),(474,141,1,'2016-10-28',4),(475,163,3,'2016-09-24',3),(476,35,3,'2017-08-18',4),(477,160,2,'2018-10-24',5),(478,7,1,'2017-03-18',5),(479,153,1,'2018-01-20',4),(480,115,3,'2018-02-01',2),(481,187,5,'2015-12-30',5),(482,63,5,'2018-05-29',2),(483,159,5,'2017-01-23',5),(484,93,1,'2018-03-18',5),(485,78,2,'2017-09-17',5),(486,199,1,'2017-11-11',4),(487,199,3,'2018-02-13',5),(488,195,5,'2018-03-27',2),(489,28,2,'2017-08-10',4),(490,198,2,'2016-11-21',3),(491,151,3,'2016-03-04',4),(492,135,1,'2016-03-15',5),(493,94,2,'2015-11-20',4),(494,67,1,'2016-09-20',5),(495,52,2,'2016-10-25',4),(496,32,2,'2018-02-09',2),(497,45,5,'2017-09-03',5),(498,27,1,'2017-01-11',5),(499,136,2,'2018-05-21',2),(500,29,5,'2018-08-16',3),(501,66,6,'2016-06-28',2),(502,161,3,'2018-08-13',4),(503,181,1,'2017-12-01',4),(504,194,2,'2018-06-01',5),(505,121,3,'2018-08-23',5),(506,85,1,'2016-11-12',4),(507,52,4,'2017-07-25',5),(508,140,6,'2017-10-03',5),(509,15,5,'2017-10-04',5),(510,144,4,'2015-12-11',3),(511,158,6,'2017-08-20',2),(512,150,6,'2017-02-23',5),(513,95,1,'2018-06-05',2),(514,82,6,'2016-01-09',2),(515,47,1,'2016-11-05',2),(516,9,3,'2016-09-30',5),(517,89,1,'2016-05-10',5),(518,116,4,'2017-11-18',5),(519,34,6,'2018-04-03',4),(520,179,3,'2018-07-02',3),(521,82,4,'2018-07-19',4),(522,58,4,'2018-03-11',4),(523,171,3,'2017-03-06',3),(524,140,2,'2017-09-17',2),(525,78,6,'2017-10-06',4),(526,108,2,'2017-11-30',3),(527,143,1,'2018-01-04',4),(528,138,6,'2018-05-13',5),(529,70,6,'2018-09-09',4),(530,90,6,'2018-11-03',4),(531,21,5,'2018-09-26',2),(532,147,5,'2016-02-03',3),(533,171,3,'2015-12-12',5),(534,98,4,'2016-02-24',2),(535,189,3,'2018-05-14',3),(536,177,3,'2016-11-11',2),(537,107,1,'2016-07-09',4),(538,156,2,'2016-11-05',3),(539,179,5,'2016-04-17',3),(540,144,2,'2018-09-24',5),(541,32,4,'2016-08-10',4),(542,196,2,'2017-07-25',3),(543,47,1,'2017-12-20',5),(544,139,3,'2018-05-11',4),(545,22,2,'2016-08-15',3),(546,76,4,'2017-11-09',3),(547,196,6,'2018-07-04',2),(548,1,5,'2016-07-25',5),(549,57,5,'2018-05-18',2),(550,96,6,'2018-05-30',3),(551,113,5,'2017-01-24',5),(552,60,4,'2015-11-09',2),(553,68,4,'2017-10-20',3),(554,124,4,'2018-08-10',5),(555,126,6,'2017-03-05',4),(556,24,2,'2017-12-22',5),(557,183,5,'2018-05-19',2),(558,77,3,'2017-08-07',3),(559,116,2,'2016-02-13',3),(560,130,4,'2016-03-04',5),(561,112,2,'2016-08-01',4),(562,111,3,'2018-06-09',4),(563,57,3,'2018-10-22',3),(564,162,4,'2016-03-08',3),(565,21,1,'2017-02-15',4),(566,193,3,'2018-06-15',4),(567,88,4,'2018-02-17',3),(568,173,5,'2018-01-07',3),(569,86,2,'2017-08-12',5),(570,13,5,'2017-05-02',3),(571,94,6,'2017-06-16',5),(572,138,4,'2018-04-13',2),(573,21,3,'2018-09-09',4),(574,44,4,'2016-02-15',3),(575,79,1,'2017-08-09',5),(576,199,5,'2016-10-15',5),(577,131,5,'2018-02-09',5),(578,124,4,'2016-12-23',5),(579,111,1,'2018-09-27',4),(580,167,5,'2017-08-29',2),(581,20,2,'2016-12-28',5),(582,1,3,'2018-05-30',4),(583,28,4,'2017-08-27',3),(584,10,4,'2018-08-16',2),(585,65,3,'2018-09-11',2),(586,112,6,'2015-11-05',5),(587,1,1,'2016-11-14',3),(588,142,6,'2016-04-13',3),(589,154,6,'2017-12-01',3),(590,170,6,'2016-09-07',4),(591,15,3,'2016-01-17',4),(592,197,3,'2016-08-20',2),(593,193,5,'2016-10-27',2),(594,111,3,'2018-07-09',3),(595,61,1,'2016-04-21',4),(596,178,4,'2017-03-12',4),(597,197,1,'2018-08-14',4),(598,110,2,'2017-03-09',3),(599,95,1,'2016-08-01',2),(600,191,5,'2016-06-02',5),(601,198,6,'2017-09-06',2),(602,123,3,'2017-07-24',3),(603,57,5,'2018-05-14',4),(604,182,2,'2015-11-03',5),(605,84,2,'2015-12-08',2),(606,20,2,'2015-11-12',4),(607,185,1,'2017-01-20',3),(608,154,4,'2016-11-14',2),(609,94,4,'2016-03-24',3),(610,6,6,'2016-05-26',4),(611,71,5,'2016-03-05',5),(612,69,3,'2018-09-16',3),(613,8,2,'2017-12-08',3),(614,48,6,'2017-11-29',2),(615,77,5,'2016-12-31',2),(616,71,1,'2017-08-19',2),(617,128,2,'2018-01-27',2),(618,5,5,'2016-03-23',5),(619,38,4,'2017-01-07',5),(620,65,5,'2016-12-04',5),(621,168,6,'2017-11-01',5),(622,55,3,'2016-08-06',2),(623,102,4,'2017-06-26',5),(624,137,5,'2016-05-13',4),(625,103,5,'2018-02-12',4),(626,177,3,'2017-02-06',2),(627,180,6,'2016-03-01',3),(628,75,5,'2016-11-24',3),(629,177,1,'2016-01-18',4),(630,114,6,'2018-10-16',2),(631,117,3,'2018-06-26',3),(632,152,2,'2018-03-03',5),(633,88,2,'2018-07-02',2),(634,135,3,'2017-05-29',2),(635,109,1,'2017-03-12',3),(636,30,6,'2018-03-08',3),(637,82,2,'2018-08-07',4),(638,178,6,'2018-03-26',4),(639,188,6,'2018-03-06',5),(640,18,6,'2016-10-23',3),(641,61,3,'2017-03-22',5),(642,66,6,'2017-04-22',2),(643,174,2,'2016-07-26',2),(644,121,3,'2017-12-14',4),(645,60,6,'2018-07-13',3),(646,46,4,'2016-03-30',4),(647,144,6,'2018-02-17',5),(648,52,6,'2017-04-20',2),(649,16,6,'2017-03-29',5),(650,161,5,'2016-08-05',2),(651,189,5,'2015-11-19',3),(652,114,2,'2016-11-17',5),(653,145,3,'2017-05-06',2),(654,93,3,'2016-06-11',3),(655,179,5,'2017-06-24',5),(656,62,4,'2017-03-01',3),(657,69,5,'2017-08-02',3),(658,22,4,'2017-09-04',2),(659,27,3,'2018-01-24',3),(660,161,1,'2017-05-21',5),(661,41,5,'2017-12-02',3),(662,116,6,'2016-01-16',3),(663,35,1,'2018-03-05',3),(664,48,4,'2017-03-08',4),(665,72,2,'2016-12-09',4),(666,79,3,'2016-07-23',4),(667,21,3,'2017-06-20',4),(668,129,3,'2018-01-09',5),(669,196,4,'2016-05-24',3),(670,126,4,'2017-02-19',5),(671,187,3,'2017-11-28',4),(672,81,5,'2018-07-28',4),(673,129,5,'2017-09-21',4),(674,51,3,'2017-01-07',4),(675,192,6,'2018-07-27',3),(676,14,4,'2016-04-23',3),(677,11,5,'2016-02-22',4),(678,69,5,'2016-09-21',4),(679,8,4,'2016-01-06',4),(680,102,2,'2018-02-06',3),(681,63,3,'2017-05-29',4),(682,86,6,'2017-02-15',4),(683,161,1,'2017-03-26',2),(684,160,6,'2016-04-11',3),(685,38,6,'2017-05-04',4),(686,96,6,'2017-10-19',5),(687,148,4,'2018-07-13',2),(688,139,1,'2018-10-29',3),(689,132,4,'2016-03-08',5),(690,98,4,'2016-01-08',2),(691,81,3,'2016-12-23',2),(692,84,6,'2018-07-22',5),(693,3,5,'2018-04-23',5),(694,80,4,'2016-10-15',5),(695,139,3,'2017-10-08',2),(696,106,6,'2017-02-04',5),(697,51,5,'2017-09-18',5),(698,136,6,'2016-04-21',5),(699,148,6,'2018-01-22',3),(700,38,2,'2016-06-12',2),(701,155,3,'2018-07-26',2),(702,157,1,'2018-05-13',4),(703,190,6,'2017-12-09',3),(704,144,6,'2017-07-27',4),(705,84,6,'2016-10-27',2),(706,118,4,'2016-07-24',3),(707,80,4,'2018-04-10',5),(708,101,5,'2017-05-21',5),(709,175,5,'2018-02-14',3),(710,57,3,'2017-07-21',2),(711,40,6,'2017-03-21',3),(712,175,3,'2016-01-09',3),(713,127,1,'2016-06-17',2),(714,31,5,'2017-06-10',3),(715,132,6,'2018-08-29',2),(716,86,4,'2017-10-15',4),(717,141,5,'2017-09-02',3),(718,23,1,'2017-04-10',3),(719,180,4,'2017-01-17',3),(720,65,5,'2018-09-24',5),(721,35,5,'2018-04-08',5),(722,58,4,'2018-03-18',2),(723,187,1,'2017-10-25',2),(724,22,4,'2018-03-12',3),(725,120,2,'2017-06-23',3),(726,188,2,'2016-09-02',5),(727,61,1,'2016-05-07',5),(728,16,2,'2015-12-10',2),(729,49,1,'2018-10-08',4),(730,67,1,'2017-07-19',4),(731,79,1,'2017-08-16',5),(732,25,1,'2018-05-12',4),(733,78,4,'2018-03-13',2),(734,126,2,'2018-06-03',4),(735,62,6,'2018-01-30',4),(736,90,4,'2018-04-12',5),(737,65,1,'2017-01-23',3),(738,20,6,'2018-10-03',5),(739,128,4,'2017-09-06',5),(740,147,5,'2016-03-18',5),(741,195,3,'2018-03-29',2),(742,18,6,'2017-11-10',2),(743,50,2,'2016-06-12',4),(744,159,3,'2017-02-09',3),(745,100,4,'2016-12-19',2),(746,55,1,'2017-03-27',3),(747,165,5,'2015-11-26',4),(748,143,1,'2017-11-03',5),(749,149,5,'2016-11-07',2),(750,24,4,'2017-03-06',5),(751,103,1,'2018-03-26',2),(752,39,3,'2018-03-28',4),(753,146,4,'2018-06-11',2),(754,29,5,'2017-04-15',5),(755,71,5,'2015-11-16',4),(756,73,3,'2016-10-27',3),(757,2,2,'2017-03-11',3),(758,120,2,'2018-10-18',2),(759,133,1,'2016-05-23',5),(760,153,3,'2018-01-27',4),(761,45,5,'2018-06-10',2),(762,40,2,'2016-06-22',2),(763,6,2,'2018-07-30',5),(764,98,2,'2016-01-01',3),(765,89,3,'2015-12-23',4),(766,36,2,'2018-08-22',5),(767,151,1,'2017-01-23',2),(768,60,6,'2016-06-30',3),(769,165,1,'2017-02-02',2),(770,28,6,'2016-05-25',4),(771,115,3,'2018-05-17',3),(772,42,2,'2018-01-25',2),(773,10,2,'2016-07-20',3),(774,97,1,'2018-09-29',5),(775,182,4,'2017-11-01',2),(776,33,3,'2017-10-21',5),(777,143,5,'2016-05-20',2),(778,33,5,'2018-04-10',3),(779,75,3,'2017-08-07',5),(780,9,5,'2015-11-11',2),(781,192,6,'2017-05-03',5),(782,6,4,'2017-08-28',5),(783,200,2,'2018-08-02',4),(784,15,1,'2017-05-19',4),(785,49,3,'2018-08-30',4),(786,176,4,'2018-03-26',5),(787,145,5,'2017-06-03',3),(788,59,3,'2016-06-07',2),(789,110,6,'2018-08-28',2),(790,78,2,'2016-07-09',5),(791,92,4,'2018-04-03',4),(792,56,4,'2018-01-18',2),(793,36,6,'2018-08-14',5),(794,73,1,'2017-09-22',3),(795,190,2,'2016-12-24',4),(796,43,3,'2016-07-03',4),(797,90,2,'2017-04-03',3),(798,3,5,'2016-02-08',3),(799,174,2,'2017-01-18',5),(800,8,2,'2016-02-20',4),(801,66,2,'2016-04-17',4),(802,177,5,'2017-03-31',4),(803,162,6,'2018-02-14',5),(804,156,6,'2016-12-21',2),(805,134,4,'2017-09-01',5),(806,17,1,'2017-05-15',2),(807,103,1,'2016-07-14',4),(808,12,2,'2018-07-18',5),(809,151,1,'2017-08-25',5),(810,51,1,'2017-12-24',4),(811,72,4,'2018-09-10',2),(812,127,3,'2017-05-17',2),(813,15,5,'2017-06-04',5),(814,147,1,'2018-08-13',5),(815,176,2,'2016-05-15',3),(816,28,6,'2017-12-23',4),(817,3,3,'2017-01-18',3),(818,43,3,'2018-02-12',2),(819,134,2,'2016-07-19',3),(820,43,1,'2018-05-12',5),(821,188,2,'2016-09-24',2),(822,130,6,'2015-12-06',5),(823,159,1,'2017-07-18',4),(824,37,3,'2016-01-07',3),(825,49,3,'2018-10-03',2),(826,200,6,'2016-01-05',4),(827,166,2,'2015-11-16',5),(828,130,2,'2018-03-07',5),(829,157,3,'2015-11-15',5),(830,160,6,'2016-04-05',5),(831,125,1,'2017-03-27',4),(832,70,6,'2018-08-20',3),(833,33,1,'2018-09-06',2),(834,200,2,'2016-08-02',3),(835,44,2,'2018-07-30',2),(836,18,2,'2017-01-25',3),(837,194,4,'2016-02-21',4),(838,168,4,'2016-09-13',5),(839,104,2,'2017-10-26',5),(840,7,1,'2017-05-14',5),(841,148,4,'2015-11-22',4),(842,27,3,'2017-07-11',4),(843,36,2,'2018-09-26',5),(844,175,1,'2016-12-28',5),(845,87,3,'2017-07-18',2),(846,84,4,'2016-02-07',4),(847,50,6,'2018-08-23',4),(848,16,4,'2016-03-22',3),(849,102,2,'2018-03-22',3),(850,152,2,'2016-10-21',3),(851,140,4,'2018-05-12',4),(852,42,2,'2018-05-27',4),(853,41,1,'2017-03-05',2),(854,44,6,'2015-11-28',5),(855,130,4,'2018-09-18',5),(856,24,6,'2015-12-25',4),(857,88,6,'2016-02-15',5),(858,34,2,'2017-05-15',2),(859,45,3,'2017-09-13',5),(860,127,3,'2016-10-19',3),(861,187,1,'2016-07-17',5),(862,25,3,'2015-11-07',2),(863,76,2,'2018-02-08',2),(864,59,1,'2015-12-13',5),(865,58,6,'2018-06-04',4),(866,146,2,'2017-03-08',4),(867,18,4,'2018-06-02',3),(868,46,6,'2018-08-29',5),(869,82,4,'2016-07-28',3),(870,117,5,'2016-04-24',5),(871,32,4,'2016-11-22',5),(872,170,2,'2018-04-11',2),(873,163,3,'2018-03-25',2),(874,189,5,'2016-03-10',2),(875,45,1,'2016-12-22',4),(876,192,2,'2017-04-17',4),(877,133,5,'2016-02-29',5),(878,66,2,'2018-09-10',5),(879,74,4,'2018-02-24',2),(880,128,4,'2018-03-27',5),(881,53,3,'2017-08-12',4),(882,170,2,'2018-05-03',5),(883,122,6,'2018-07-15',5),(884,158,2,'2018-08-16',4),(885,184,4,'2016-11-16',5),(886,93,3,'2017-04-27',4),(887,115,1,'2016-10-19',4),(888,87,1,'2017-12-08',2),(889,10,4,'2016-03-18',4),(890,67,3,'2016-02-11',2),(891,194,2,'2018-05-26',2),(892,11,1,'2016-08-19',5),(893,35,5,'2016-08-19',2),(894,74,6,'2018-02-03',5),(895,116,2,'2017-02-04',5),(896,120,6,'2016-12-19',4),(897,130,6,'2018-01-25',3),(898,96,2,'2016-05-23',4),(899,74,4,'2018-08-24',4),(900,114,2,'2017-04-02',5),(901,126,6,'2016-03-31',5),(902,179,1,'2017-09-16',3),(903,7,3,'2018-10-29',5),(904,80,2,'2018-05-18',2),(905,83,5,'2018-01-01',2),(906,199,3,'2018-04-13',2),(907,4,6,'2016-08-03',4),(908,158,4,'2018-08-02',5),(909,124,6,'2018-09-23',5),(910,82,6,'2017-03-24',2),(911,108,4,'2016-11-13',2),(912,125,5,'2017-12-22',3),(913,26,6,'2016-05-29',3),(914,9,1,'2018-05-22',5),(915,52,4,'2018-08-14',5),(916,157,1,'2018-06-16',2),(917,112,4,'2017-02-25',5),(918,23,5,'2018-10-25',2),(919,37,1,'2018-05-18',5),(920,172,2,'2017-04-21',3),(921,38,2,'2016-05-19',3),(922,39,5,'2017-12-06',4),(923,19,3,'2017-12-22',5),(924,176,4,'2018-08-04',4),(925,77,1,'2016-06-02',2),(926,83,1,'2018-09-12',4),(927,104,4,'2017-09-25',2),(928,57,1,'2015-11-05',4),(929,85,3,'2017-05-05',4),(930,68,6,'2018-09-08',2),(931,99,5,'2018-07-25',2),(932,137,5,'2018-06-19',2),(933,19,1,'2017-03-17',2),(934,168,2,'2016-08-21',5),(935,4,6,'2016-10-14',5),(936,62,2,'2016-09-21',3),(937,36,6,'2018-07-28',2),(938,55,3,'2018-06-27',4),(939,109,1,'2016-03-21',4),(940,150,2,'2018-02-25',2),(941,16,6,'2018-01-20',4),(942,169,5,'2018-09-23',2),(943,151,3,'2017-11-26',2),(944,85,3,'2017-02-06',5),(945,123,5,'2018-07-10',5),(946,70,4,'2016-11-15',2),(947,70,2,'2017-03-23',3),(948,119,1,'2018-05-03',5),(949,23,1,'2018-05-03',5),(950,95,5,'2016-11-16',5),(951,155,5,'2016-04-25',5),(952,37,5,'2015-12-04',5),(953,149,1,'2016-06-22',4),(954,193,3,'2016-12-23',5),(955,17,3,'2016-09-20',5),(956,181,1,'2016-10-21',3),(957,185,3,'2016-05-23',5),(958,89,1,'2016-12-05',4),(959,166,4,'2016-01-21',4),(960,152,4,'2018-06-27',2),(961,190,4,'2018-02-13',5),(962,194,6,'2018-08-08',5),(963,56,2,'2016-03-26',2),(964,31,3,'2017-02-24',5),(965,147,3,'2018-04-27',3),(966,112,6,'2016-09-29',5),(967,179,1,'2017-11-15',4),(968,12,6,'2018-09-22',2),(969,83,1,'2016-06-19',5),(970,51,5,'2018-05-24',3),(971,6,6,'2018-06-05',4),(972,54,6,'2016-11-20',4),(973,180,2,'2017-08-03',5),(974,97,1,'2018-02-02',5),(975,137,1,'2017-05-06',4),(976,14,2,'2018-06-13',3),(977,185,1,'2016-05-06',2),(978,63,5,'2018-08-20',2),(979,105,5,'2017-11-16',4),(980,117,1,'2018-08-10',2),(981,46,6,'2018-03-03',5),(982,37,1,'2016-09-11',3),(983,162,2,'2016-04-26',3),(984,107,5,'2017-06-18',5),(985,184,4,'2018-02-16',3),(986,5,5,'2017-12-01',3),(987,121,1,'2018-03-13',2),(988,159,3,'2017-01-15',3),(989,137,1,'2017-08-07',3),(990,72,2,'2017-07-18',5),(991,133,3,'2016-08-01',4),(992,32,6,'2018-03-06',4),(993,127,1,'2015-11-03',5),(994,44,4,'2018-03-19',3),(995,145,1,'2018-01-14',5),(996,25,3,'2018-02-08',4),(997,115,1,'2016-08-22',2),(998,50,4,'2017-06-05',5),(999,183,5,'2015-12-10',2),(1000,163,1,'2017-02-18',4);
/*!40000 ALTER TABLE `students_grade` ENABLE KEYS */;
UNLOCK TABLES;

--
-- Table structure for table `subject`
--

DROP TABLE IF EXISTS `subject`;
/*!40101 SET @saved_cs_client     = @@character_set_client */;
/*!40101 SET character_set_client = utf8 */;
CREATE TABLE `subject` (
  `id` int(11) NOT NULL,
  `name` varchar(45) NOT NULL,
  PRIMARY KEY (`id`)
) ENGINE=InnoDB DEFAULT CHARSET=utf8;
/*!40101 SET character_set_client = @saved_cs_client */;

--
-- Dumping data for table `subject`
--

LOCK TABLES `subject` WRITE;
/*!40000 ALTER TABLE `subject` DISABLE KEYS */;
INSERT INTO `subject` VALUES (1,' Математический анализ'),(2,'Алгебра и геометрия'),(3,' Дискретная математика'),(4,' Информатика'),(5,' Алгоритмы и структуры данных'),(6,' Физкультура');
/*!40000 ALTER TABLE `subject` ENABLE KEYS */;
UNLOCK TABLES;
/*!40103 SET TIME_ZONE=@OLD_TIME_ZONE */;

/*!40101 SET SQL_MODE=@OLD_SQL_MODE */;
/*!40014 SET FOREIGN_KEY_CHECKS=@OLD_FOREIGN_KEY_CHECKS */;
/*!40014 SET UNIQUE_CHECKS=@OLD_UNIQUE_CHECKS */;
/*!40101 SET CHARACTER_SET_CLIENT=@OLD_CHARACTER_SET_CLIENT */;
/*!40101 SET CHARACTER_SET_RESULTS=@OLD_CHARACTER_SET_RESULTS */;
/*!40101 SET COLLATION_CONNECTION=@OLD_COLLATION_CONNECTION */;
/*!40111 SET SQL_NOTES=@OLD_SQL_NOTES */;

-- Dump completed on 2018-11-27 19:43:32
